id;scientific_name;rank;genus;family;year;author;bibliography;common_name;family_common_name;image_url;flower_color;flower_conspicuous;foliage_color;foliage_texture;fruit_color;fruit_conspicuous;fruit_months;bloom_months;ground_humidity;growth_form;growth_habit;growth_months;growth_rate;edible_part;vegetable;edible;light;soil_nutriments;soil_salinity;anaerobic_tolerance;atmospheric_humidity;average_height_cm;maximum_height_cm;minimum_root_depth_cm;ph_maximum;ph_minimum;planting_days_to_harvest;planting_description;planting_sowing_description;planting_row_spacing_cm;planting_spread_cm;synonyms;distributions;common_names;url_usda;url_tropicos;url_tela_botanica;url_powo;url_plantnet;url_gbif;url_openfarm;url_catminat;url_wikipedia_en
101119;Abies balsamea;species;Abies;Pinaceae;1768;(L.) Mill.;Gard. Dict. ed. 8: n.º 3 (1768);Balsam fir;Pine family;https://bs.floristic.org/image/o/46adef49b83992d971359f4080559520b1363920;yellow;false;green;medium;brown;false;;;;Single Stem;Tree;;Slow;;false;false;7;5;0;None;5;1828;1828;50;6.0;4.0;;;;;;Pinus balsamea,Pinus taxifolia,Picea balsamea,Peuce balsamea;Alberta,Connecticut,Iowa,Labrador,Maine,Manitoba,Masachusettes,Michigan,Minnesota,New Brunswick,New Hampshire,New Jersey,New York,Newfoundland,Nova Scotia,Ontario,Pennsylvania,Prince Edward I.,Québec,Saskatchewan,Vermont,Virginia,West Virginia,Wisconsin;Canada balsam,Balsam,Balsam fir,Fir balsam,Eastern fir,Canadian Fir,Balm of Gilead fir,American silver Fir;https://plants.usda.gov/core/profile?symbol=ABBA;;;http://powo.science.kew.org/taxon/urn:lsid:ipni.org:names:1084057-2;https://identify.plantnet.org/species/the-plant-list/Abies balsamea (L.) Mill.;https://www.gbif.org/species/2685383;;;https://en.wikipedia.org/wiki/Abies balsamea
101124;Abies bracteata;species;Abies;Pinaceae;1845;(D.Don) Poit.;Rev. Hort. (Paris), sér. 2, 4: 7 (1845);Bristlecone fir;Pine family;http://d2seqvvyy3b8p2.cloudfront.net/48f25e972c714bd8eb9d473de31c48f4.jpg;;;;;;;;;;;Tree;;;;false;false;;;;;;;;;;;;;;;;Abies venusta,Pinus bracteata,Picea bracteata,Pinus venusta;California;;https://plants.usda.gov/core/profile?symbol=ABBR;;;http://powo.science.kew.org/taxon/urn:lsid:ipni.org:names:1146685-2;;https://www.gbif.org/species/2685479;;;https://en.wikipedia.org/wiki/Abies bracteata
101126;Abies concolor;species;Abies;Pinaceae;1861;(Gordon & Glend.) Lindl. ex Hildebr.;Verh. Naturhist. Vereines Preuss. Rheinl. Westphalens 18: 261 (1861);White fir;Pine family;https://bs.floristic.org/image/o/f3bd61a94db7294e0fad1eb060e1a8903b8338b7;yellow;false;;medium;;false;;;;Single Stem;Tree;;Slow;;false;false;7;5;0;None;5;3657;3657;101;7.8;5.5;;;;;;Abies concolor var. lowiana,Abies concolor f. atroviolacea,Abies lowiana,Abies concolor var. baja-californica,Abies concolor var. martinezii,Abies concolor subsp. martinezii,Abies concolor subsp. viridula,Abies concolor subsp. lowiana,Abies concolor subsp. baja-californica,Picea lowiana,Abies lowiana var. viridula,Picea lowii,Pinus concolor,Picea concolor,Pinus lowiana,Abies concolor var. concolor;Arizona,California,Colorado,Idaho,Mexico Northeast,Mexico Northwest,Nevada,New Mexico,Oregon,Utah,Wyoming,Czechoslovakia,Vermont;Abeto blanco,Abeto del noroeste,Sierra White Fir,White Fir,White silver fir,Wa,Colorado fir,Balsam fir,Concolor fir,Silver fir,White balsam,California White Fir,Low's Fir,Colorado white fir;https://plants.usda.gov/core/profile?symbol=ABCO;;;http://powo.science.kew.org/taxon/urn:lsid:ipni.org:names:1031026-2;https://identify.plantnet.org/species/the-plant-list/Abies concolor (Gordon) Lindl. ex Hildebr.;https://www.gbif.org/species/2685580;;;https://en.wikipedia.org/wiki/Abies concolor
101129;Abies fraseri;species;Abies;Pinaceae;1817;(Pursh) Poir.;J.B.A.M.de Lamarck, Encycl., Suppl. 5: 35 (1817);Fraser fir;Pine family;https://bs.floristic.org/image/o/1369899495e9832e3290107b2e2c1a7006703ad9;purple;false;green;medium;brown;true;;;;Single Stem;Tree;;Moderate;;false;false;;;;Low;;1676;1676;15;5.5;3.5;;;;;;Picea hudsonia,Abies balsamea subsp. fraseri,Picea fraseri;North Carolina,Tennessee,Virginia;Fraser fir,Fraser balsam fir,Balsam fir,Eastern fir,Southern balsam,Southern fir,Fraser's Fir,She Balsam,She-balsam,Southern balsam fir;https://plants.usda.gov/core/profile?symbol=ABFR;;;http://powo.science.kew.org/taxon/urn:lsid:ipni.org:names:1030488-2;https://identify.plantnet.org/species/the-plant-list/Abies fraseri (Pursh) Poir.;https://www.gbif.org/species/2685318;;;https://en.wikipedia.org/wiki/Fraser fir
101131;Abies grandis;species;Abies;Pinaceae;1833;(Douglas ex D.Don) Lindl.;Penny Cyclop. 1: 30 (1833);Grand fir;Pine family;https://bs.floristic.org/image/o/027b42ff671699425c44a0e04c65a92e338cca2b;;false;;medium;;false;;;;Single Stem;Tree;;Moderate;;false;false;7;5;0;Low;6;4572;4572;50;7.5;4.5;;;;;;Abies grandis var. idahoensis,Abies grandis f. johnsonii,Abies lasiocarpa,Picea parsonsii,Abies parsonsiana,Abies excelsior,Abies gordoniana,Abies occidentalis,Abies aromatica,Pinus grandis,Abies grandis var. grandis,Abies grandis subsp. idahoensis,Picea grandis,Abies balsamea subsp. lasiocarpa,Pinus lasiocarpa;British Columbia,California,Idaho,Montana,Oregon,Washington,Czechoslovakia,Denmark,Germany,Great Britain,Ireland,Italy,Norway,Switzerland,Sweden,Iceland,Yukon,Wyoming,Northwest Territorie,New Mexico,Nevada,Colorado,Arizona,Alberta,Alaska;Giant Fir,Grand fir,Lowland fir,Lowland white fir,Yellow fir,Silver fir,White fir,Western Balsam Fir,Alpine fir,Subalpine fir,Rocky Mountain fir,Balsam fir,Western balsam fir,White balsam,Alpine Fur;https://plants.usda.gov/core/profile?symbol=ABGR;;;http://powo.science.kew.org/taxon/urn:lsid:ipni.org:names:1033427-2;https://identify.plantnet.org/species/the-plant-list/Abies grandis (Douglas ex D.Don) Lindl.;https://www.gbif.org/species/2685361;;;https://en.wikipedia.org/wiki/Abies lasiocarpa
101136;Abies guatemalensis;species;Abies;Pinaceae;1939;Rehder;J. Arnold Arbor. 20: 185 (1939);Guatemalan fir;Pine family;http://d2seqvvyy3b8p2.cloudfront.net/9b486274f2892853ba24dac89343d2e5.jpg;;;;;;;;;;;Tree;;;;false;false;;;;;;;;;;;;;;;;Abies guatemalensis var. ixtepejiensis,Abies guatemalensis var. rushforthii,Abies guatemalensis var. tamaulipasensis,Abies guatemalensis subsp. tamaulipasensis,Abies zapotekensis,Abies guatemalensis subsp. rushforthii,Abies guatemalensis subsp. longibracteata,Abies guatemalensis var. longibracteata,Abies guatemalensis subsp. ixtepejiensis,Abies tacanensis,Abies guatemalensis subsp. zapotekensis;El Salvador,Guatemala,Honduras,Mexico Northeast,Mexico Southeast,Mexico Southwest;;https://plants.usda.gov/core/profile?symbol=ABGU;;;http://powo.science.kew.org/taxon/urn:lsid:ipni.org:names:676575-1;;https://www.gbif.org/species/2685507;;;https://en.wikipedia.org/wiki/Abies guatemalensis
101139;Abies lasiocarpa var. arizonica;var;Abies;Pinaceae;1898;(Merriam) Lemmon;Bull. Sierra Club 2: 167 (1898);Subalpine fir;Pine family;;;;green;medium;brown;;;;;Single Stem;Tree;;Slow;;false;false;;;;None;;2743;2743;101;6.5;4.0;;;;;;Abies arizonica,Pinus beissneri,Abies lasiocarpa subsp. arizonica,Abies bifolia var. arizonica;Arizona,Colorado,New Mexico;;https://plants.usda.gov/core/profile?symbol=ABLA;;;http://powo.science.kew.org/taxon/urn:lsid:ipni.org:names:77189609-1;;https://www.gbif.org/species/2685374;;;https://en.wikipedia.org/wiki/Abies lasiocarpa var. arizonica
101141;Abies lasiocarpa var. lasiocarpa;var;Abies;Pinaceae;1849;(Hook.) Nutt.;N. Amer. Sylv. 3: 138 (1849);Subalpine fir;Pine family;;;;;medium;;;;;;Single Stem;Tree;;Slow;;false;false;;;;None;;2743;2743;101;6.5;4.0;;;;;;Abies lasiocarpa var. bifolia,Abies bifolia,Abies amabilis,Abies subalpina,Picea bifolia,Abies lasciocarpa,Abies balsamea var. fallax,Abies lasiocarpa subsp. bifolia,Pinus amabilis,Picea amabilis;Alaska,Alberta,British Columbia,California,Colorado,Idaho,Montana,Nevada,Northwest Territorie,Oregon,Washington,Wyoming,Yukon,Iceland,Sweden;;https://plants.usda.gov/core/profile?symbol=ABLA;;;http://powo.science.kew.org/taxon/urn:lsid:ipni.org:names:77172457-1;;https://www.gbif.org/species/2685524;;;https://en.wikipedia.org/wiki/Abies amabilis
101150;Abies magnifica;species;Abies;Pinaceae;1863;A.Murray bis;Proc. Roy. Hort. Soc. London 3: 318 (1863);California red fir;Pine family;http://d2seqvvyy3b8p2.cloudfront.net/6f733c76ce7d7c785ab3c1e747989728.jpg;brown;false;green;medium;brown;true;;;;Single Stem;Tree;;Slow;;false;false;;;;None;;4572;4572;50;6.1;5.0;;;;;;Pinus nobilis var. magnifica,Pseudotsuga magnifica;California,Nevada,Oregon;;https://plants.usda.gov/core/profile?symbol=ABMA;;;http://powo.science.kew.org/taxon/urn:lsid:ipni.org:names:325664-2;;;;;https://en.wikipedia.org/wiki/Abies magnifica
101156;Abies procera;species;Abies;Pinaceae;1940;Rehder;Rhodora 42: 522 (1940);Noble fir;Pine family;https://bs.floristic.org/image/o/683fe506efccb6304d5a70c076c30beef4c51a6c;;false;green;medium;purple;true;;;;Single Stem;Tree;;Rapid;;false;false;;;;None;;7010;7010;50;7.5;6.0;;;;;;Picea nobilis,Abies procera f. glauca,Picea nobilis var. glauca,Pseudotsuga nobilis,Abies nobilis var. glauca;California,Oregon,Washington,Denmark,Germany,Great Britain,Ireland,Norway;Red fir,Christmastree,Noble fir,White fir;https://plants.usda.gov/core/profile?symbol=ABPR;;;http://powo.science.kew.org/taxon/urn:lsid:ipni.org:names:676607-1;https://identify.plantnet.org/species/the-plant-list/Abies procera Rehder;https://www.gbif.org/species/2685308;;;https://en.wikipedia.org/wiki/Abies procera
101158;Abies veitchii;species;Abies;Pinaceae;1861;Lindl.;Gard. Chron. 1861: 23 (1861);Christmastree;Pine family;https://bs.floristic.org/image/o/8489d89b432c555857285aeeeeaa3ebb7b72fbab;;;;;;;;;;;Tree;;;;false;false;6;5;0;;6;2333;2800;;5.5;5.0;;;;;;Picea veitchii,Pinus selenolepis,Pinus strobiformis subsp. veitchii,Pinus loudoniana,Pinus veitchii var. zempoalensis,Pinus ayacahuite var. loudoniana,Pinus veitchii,Pinus ayacahuite subsp. loudoniana,Pinus popocatepetlii,Pinus ayacahuite var. veitchii,Pinus ayacahuite subsp. popocatepetlii,Pinus ayacahuite subsp. veitchii;Japan,Mexico Southwest,Mexico Northeast,Mexico Central;Veitch fir,Veitch's silver fir,Christmastree,Veitch's Fir,Veitch’s Fir;https://plants.usda.gov/core/profile?symbol=ABVE2;;;http://powo.science.kew.org/taxon/urn:lsid:ipni.org:names:261656-1;https://identify.plantnet.org/species/the-plant-list/Abies veitchii Lindl.;https://www.gbif.org/species/2685400;;;https://en.wikipedia.org/wiki/Pinus ayacahuite
101160;Abietinella abietina;species;Abietinella;Thuidiaceae;1923;Fleischer;Musci Buitenzorg, 4: 1497, 1497, 1923;Abietinella moss;;;;;;;;;;;;;Nonvascular;;;;false;false;;;;;;;;;;;;;;;;;;;https://plants.usda.gov/core/profile?symbol=ABAB70;;;;;https://www.gbif.org/species/5283402;;;https://en.wikipedia.org/wiki/Abietinella abietina
101162;Thuidium abietinum;species;Thuidium;;;Schimp. (Hedw.);Bryol. Eur., 5: 165. 485 (fasc. 49–51 Mon. 9. 5), 165, 1852;;;;;;;;;;;;;;;;;;false;false;;;;;;;;;;;;;;;;Hypnum abietinum;;;https://plants.usda.gov/core/profile?symbol=ABAB70;;;;;https://www.gbif.org/species/4279429;;;https://en.wikipedia.org/wiki/Thuidium abietinum
101168;Fimbristylis ovata;species;Fimbristylis;Cyperaceae;1967;(Burm.f.) J.Kern;Blumea 15: 126 (1967);;Sedge family;http://d2seqvvyy3b8p2.cloudfront.net/66c7961c97facd05fd5292d732f8d498.jpg;;;;;;;;;;;;;;;false;false;;;;;;;;;;;;;;;;Abildgaardia ovata,Fimbristylis monostachya,Cyperus monostachyos,Abildgaardia monostachya,Cyperus caribaeus,Xyris brasiliensis,Iria caribea,Abildgaardia compressa,Scirpus monostachyus,Abildgaardia javanensis,Abildgaardia indica,Iria indica,Iria monostachya;Andaman Is.,Angola,Argentina Northeast,Argentina Northwest,Bahamas,Bangladesh,Belize,Benin,Bismarck Archipelago,Bolivia,Borneo,Brazil North,Burkina,Burundi,Cape Provinces,Caroline Is.,Cayman Is.,Central African Repu,China South-Central,China Southeast,Colombia,Comoros,Congo,Costa Rica,Cuba,Dominican Republic,East Himalaya,Ecuador,Fiji,Florida,Free State,Ghana,Guatemala,Gulf of Guinea Is.,Guyana,Hainan,Haiti,Honduras,India,Ivory Coast,Jamaica,Japan,Jawa,Kenya,Korea,KwaZulu-Natal,Laos,Leeward Is.,Lesotho,Lesser Sunda Is.,Madagascar,Malaya,Maluku,Mauritius,Mexico Gulf,Mexico Northeast,Mexico Southeast,Mexico Southwest,Nansei-shoto,Netherlands Antilles,New Caledonia,New Guinea,Nicaragua,Nicobar Is.,Nigeria,Northern Provinces,Pakistan,Panamá,Paraguay,Philippines,Puerto Rico,Rwanda,Sri Lanka,Sudan,Sulawesi,Sumatera,Swaziland,Taiwan,Tanzania,Thailand,Togo,Tonga,Trinidad-Tobago,Turks-Caicos Is.,Uganda,Uruguay,Venezuela,Venezuelan Antilles,Vietnam,Wallis-Futuna Is.,Windward Is.,Yemen,Zaïre,Niue,Rodrigues,Réunion;;https://plants.usda.gov/core/profile?symbol=ABOV;;;http://powo.science.kew.org/taxon/urn:lsid:ipni.org:names:104972-2;;https://www.gbif.org/species/2708393;;;https://en.wikipedia.org/wiki/Fimbristylis ovata
101173;Ambroma augusta;species;Ambroma;Malvaceae;;;;;Mallow family;;;;;;;;;;;;;;;;false;false;;;;;;;;;;;;;;;;;;;https://plants.usda.gov/core/profile?symbol=ABAU3;;;;;;;;https://en.wikipedia.org/wiki/Ambroma augusta
101174;Ambroma augustum;species;Ambroma;Malvaceae;;;;;Mallow family;;;;;;;;;;;;;;;;false;false;;;;;;;;;;;;;;;;;;;https://plants.usda.gov/core/profile?symbol=ABAU3;;;;;;;;https://en.wikipedia.org/wiki/Ambroma augustum
101195;Abronia insularis;species;Abronia;Nyctaginaceae;;Standl.;Contr. U.S. Natl. Herb., 12(8): 311–312, pl. 28, 311, 1909;Island sand verbena;Four o'clock family;;;;;;;;;;;;Forb/herb;;;;false;false;;;;;;;;;;;;;;;;;;;https://plants.usda.gov/core/profile?symbol=ABIN2;;;;;https://www.gbif.org/species/5384903;;;https://en.wikipedia.org/wiki/Abronia insularis
101196;Abronia latifolia;species;Abronia;Nyctaginaceae;1826;Eschsch.;Mém. Acad. Imp. Sci. St. Pétersbourg Hist. Acad. 5: 281 (1826);Coastal sand verbena;Four o'clock family;https://bs.floristic.org/image/o/ac3113a84375553f4936c94effe19d97aafe054d;;;;;;;;;;;Forb/herb;;;;false;false;;;;;;;;;;;;;;;;Tricratus arenarius;British Columbia,California,Oregon,Washington;Yellow sand-verbena,Yellow sand verbena,Coastal sand verbena,Coastal sand-verbena;https://plants.usda.gov/core/profile?symbol=ABLA2;;;http://powo.science.kew.org/taxon/urn:lsid:ipni.org:names:326895-2;https://identify.plantnet.org/species/the-plant-list/Abronia latifolia Eschsch.;https://www.gbif.org/species/5384891;;;https://en.wikipedia.org/wiki/Abronia latifolia
101201;Abronia nana;species;Abronia;Nyctaginaceae;1879;S.Watson;Proc. Amer. Acad. Arts 14: 294 (1879);Dwarf sand verbena;Four o'clock family;http://d2seqvvyy3b8p2.cloudfront.net/3bd6a915cc8dd7f54dbf8970da5864ba.jpg;;;;;;;;;;;Forb/herb;;;;false;false;;;;;;;;;;;;;;;;Abronia nana var. lanciformis,Abronia nana var. nana;Arizona,Colorado,Nevada,Utah;;https://plants.usda.gov/core/profile?symbol=ABNA;;;http://powo.science.kew.org/taxon/urn:lsid:ipni.org:names:326896-2;;https://www.gbif.org/species/5384875;;;https://en.wikipedia.org/wiki/Abronia nana
101207;Abronia neurophylla;species;Abronia;Nyctaginaceae;;Standl.;Standley PC (1909) THE ALLIONIACEAE OF THE UNITED STATES WITH NOTES ON MEXICAN SPECIES. Contributions From The United States National Herbarium 12(8): 303-389. Retrieved from http://www.jstor.org/stable/23491709;Beach sand verbena;Four o'clock family;;;;;;;;;;;;Forb/herb;;;;false;false;;;;;;;;;;;;;;;;;;;https://plants.usda.gov/core/profile?symbol=ABNE;;;;;https://www.gbif.org/species/5384879;;;https://en.wikipedia.org/wiki/Abronia neurophylla
101212;Abronia umbellata;species;Abronia;Nyctaginaceae;1793;Lam.;Tabl. Encycl. 1: 469 (1793);Pink sand verbena;Four o'clock family;https://bs.floristic.org/image/o/06e3439929db0bdd1c93f09c827d3d51c86d7212;;;;;;;;;;;Vine, Forb/herb;;;;false;false;;;;;;;;;;;;;;;;Abronia californica,Abronia rosea,Abronia glauca,Abronia rotundifolia,Tricratus admirabilis;California,Mexico Northwest,Uzbekistan;Sand-verbena,Wild verbena,Pink sand verbena,Purple sand verbena,Pink sand-verbena,Beach sand-verbena;https://plants.usda.gov/core/profile?symbol=ABUM;;;http://powo.science.kew.org/taxon/urn:lsid:ipni.org:names:326894-2;https://identify.plantnet.org/species/the-plant-list/Abronia umbellata Lam.;https://www.gbif.org/species/5384870;;;https://en.wikipedia.org/wiki/Abronia umbellata
101225;Abronia villosa;species;Abronia;Nyctaginaceae;1873;S.Watson;Amer. Naturalist 7: 302 (1873);Desert sand verbena;Four o'clock family;;;;;;;;;;;;Forb/herb;;;;false;false;;;;;;;;;;;;;;;;Abronia villosa f. rubescens;Arizona,California,Mexico Northwest,Nevada,Utah;;https://plants.usda.gov/core/profile?symbol=ABVI;;;http://powo.science.kew.org/taxon/urn:lsid:ipni.org:names:122-2;;https://www.gbif.org/species/5384880;;;https://en.wikipedia.org/wiki/Abronia villosa
101228;Abronia villosa var. villosa;var;Abronia;Nyctaginaceae;1873;S.Watson;Amer. Naturalist 7: 302 (1873);Desert sand verbena;Four o'clock family;;;;;;;;;;;;Forb/herb;;;;false;false;;;;;;;;;;;;;;;;;;;https://plants.usda.gov/core/profile?symbol=ABVI;;;;;https://www.gbif.org/species/7167025;;;https://en.wikipedia.org/wiki/Abronia villosa var. villosa
101252;Abutilon californicum;species;Abutilon;Malvaceae;1844;Benth.;Bot. Voy. Sulphur: 8 (1844);;Mallow family;http://d2seqvvyy3b8p2.cloudfront.net/dfb8210f27cdbfae5c1ef9ad81f25ac4.jpg;;;;;;;;;;;;;;;false;false;;;;;;;;;;;;;;;;Abutilon lemmonii,Abutilon fragile;Mexican Pacific Is.,Mexico Northeast,Mexico Northwest;;https://plants.usda.gov/core/profile?symbol=ABBE;;;http://powo.science.kew.org/taxon/urn:lsid:ipni.org:names:323464-2;;https://www.gbif.org/species/3152636;;;https://en.wikipedia.org/wiki/Abutilon californicum
101258;Abutilon hirtum;species;Abutilon;Malvaceae;1826;(Lam.) Sweet;Hort. Brit.: 53 (1826);Florida keys indian mallow;Mallow family;https://bs.floristic.org/image/o/f4808710a3edfac2ef373df5b801b267539fdb58;;;;;;;;;;;Subshrub, Forb/herb;;;;false;false;;;;;;;;;;;;;;;;Napaea incurva,Abutilon indicum var. hirtum,Abutilon lugardii,Sida beloere,Abutilon hirtum var. heterotrichum,Abutilon graveolens var. queenslandicum,Abutilon heterotrichum,Sida hirta,Sida graveolens,Abutilon graveolens;Angola,Bangladesh,Botswana,Burundi,Cameroon,Caprivi Strip,Chad,China South-Central,Djibouti,Eritrea,Ethiopia,India,Iran,Kenya,Mozambique,Namibia,Niger,Nigeria,Northern Provinces,Oman,Pakistan,Palestine,Rwanda,Saudi Arabia,Somalia,Sri Lanka,Sudan,Tanzania,Thailand,Uganda,Vietnam,Yemen,Zaïre,Zimbabwe,Aruba,Bahamas,Belize,Costa Rica,Cuba,Dominican Republic,El Salvador,Florida,Guatemala,Haiti,Honduras,Jamaica,Leeward Is.,Marquesas,Mauritius,Netherlands Antilles,New Caledonia,Nicaragua,Panamá,Peru,Puerto Rico,Rodrigues,Réunion,Taiwan,Trinidad-Tobago,Turks-Caicos Is.,Venezuela,Windward Is.;Florida Keys Indian mallow,Florida Key Indian-mallow,Indian mallow;https://plants.usda.gov/core/profile?symbol=ABHI;;;http://powo.science.kew.org/taxon/urn:lsid:ipni.org:names:238-2;https://identify.plantnet.org/species/the-plant-list/Abutilon hirtum (Lam.) Sweet;https://www.gbif.org/species/3152619;;;https://en.wikipedia.org/wiki/Abutilon hirtum
101259;Abutilon hulseanum;species;Abutilon;Malvaceae;1892;(Torr. & A.Gray) Torr. ex Baker f.;J. Bot. 30: 328 (1892);Mauve;Mallow family;;;;;;;;;;;;Subshrub, Forb/herb;;;;false;false;;;;;;;;;;;;;;;;Sida hulseana,Abutilon commutatum;Cuba,Florida,Honduras,Jamaica,Leeward Is.,Mexico Central,Mexico Gulf,Mexico Northeast,Mexico Southeast,New Mexico,Puerto Rico,Texas,Windward Is.;;https://plants.usda.gov/core/profile?symbol=ABHU;;;http://powo.science.kew.org/taxon/urn:lsid:ipni.org:names:60467477-2;;https://www.gbif.org/species/3152622;;;https://en.wikipedia.org/wiki/Abutilon hulseanum
101277;Abutilon parishii;species;Abutilon;Malvaceae;1885;S.Watson;Proc. Amer. Acad. Arts 20: 357 (1885);Parish's indian mallow;Mallow family;;;;;;;;;;;;Shrub, Forb/herb, Subshrub;;;;false;false;;;;;;;;;;;;;;;;;Arizona,Mexico Northwest;;https://plants.usda.gov/core/profile?symbol=ABPA2;;;http://powo.science.kew.org/taxon/urn:lsid:ipni.org:names:323562-2;;https://www.gbif.org/species/3152628;;;https://en.wikipedia.org/wiki/Abutilon parishii
101279;Abutilon permolle;species;Abutilon;Malvaceae;1826;(Willd.) Sweet;Hort. Brit.: 53 (1826);Coastal indian mallow;Mallow family;;;;;;;;;;;;Subshrub, Forb/herb;;;;false;false;;;;;;;;;;;;;;;;Abutilon peraffine,Abutilon confertiflorum,Sida permollis,Sida confertiflora;Madeira,Bahamas,Belize,Cayman Is.,Cuba,Florida,Guatemala,Haiti,Honduras,Jamaica,Mexico Southeast,Puerto Rico,Turks-Caicos Is.;;https://plants.usda.gov/core/profile?symbol=ABPE;;;http://powo.science.kew.org/taxon/urn:lsid:ipni.org:names:1069719-2;;https://www.gbif.org/species/3152600;;;https://en.wikipedia.org/wiki/Abutilon permolle
101280;Abutilon reventum;species;Abutilon;Malvaceae;1886;S.Watson;Proc. Amer. Acad. Arts 21: 418 (1886);Yellowflower indian mallow;Mallow family;http://d2seqvvyy3b8p2.cloudfront.net/3133872c69806ff55ac8fd20fa420f10.jpg;;;;;;;;;;;Subshrub, Forb/herb;;;;false;false;;;;;;;;;;;;;;;;;Arizona,Mexico Central,Mexico Northeast,Mexico Northwest,Mexico Southeast,Mexico Southwest;;https://plants.usda.gov/core/profile?symbol=ABRE;;;http://powo.science.kew.org/taxon/urn:lsid:ipni.org:names:320-2;;https://www.gbif.org/species/3152631;;;https://en.wikipedia.org/wiki/Abutilon reventum
101284;Abutilon theophrasti;species;Abutilon;Malvaceae;1787;Medik.;Malvenfam.: 28 (1787);Velvetleaf;Mallow family;https://bs.floristic.org/image/o/d8fcf618a7695629980757d11fc836d49717499b;yellow;;;;;;;jun,jul;;;Forb/herb;;;leaves;false;true;8;6;0;;4;;;;8.0;7.5;;;;;;Abutilon abutilon,Sida abutilifolia,Abutilon behrianum,Abutilon theophrasti var. chinense,Abutilon commune,Malva abutilon,Abutilon tiliifolium,Sida tenax,Abutilon theophrasti var. nigrum,Sida abutilon,Abutilon avicennae,Abutilon avicennae var. chinense;Thailand,China North-Central,China South-Central,China Southeast,Inner Mongolia,Kazakhstan,Kirgizstan,Manchuria,Mongolia,Tadzhikistan,Taiwan,Turkmenistan,Uzbekistan,Xinjiang,Afghanistan,Alabama,Albania,Altay,Amur,Arizona,Arkansas,Austria,Bahamas,Bangladesh,Bermuda,Bulgaria,California,Central European Rus,Colorado,Connecticut,Corse,Cuba,Czechoslovakia,Delaware,East Aegean Is.,Egypt,Finland,Florida,France,Georgia,Germany,Greece,Hungary,Idaho,Illinois,India,Indiana,Iowa,Iran,Iraq,Irkutsk,Italy,Japan,Kansas,Kentucky,Korea,Kriti,Krym,KwaZulu-Natal,Libya,Louisiana,Maine,Malawi,Maryland,Masachusettes,Mexico Northwest,Michigan,Minnesota,Mississippi,Missouri,Montana,Morocco,Nebraska,Netherlands,Nevada,New Hampshire,New Jersey,New Mexico,New South Wales,New York,New Zealand North,New Zealand South,North Carolina,North Dakota,North European Russi,Northern Provinces,Ohio,Oklahoma,Ontario,Oregon,Pakistan,Palestine,Panamá,Pennsylvania,Portugal,Primorye,Queensland,Rhode I.,Romania,Sardegna,Sinai,South Australia,South Carolina,South Dakota,South European Russi,Spain,Tennessee,Texas,Transcaucasus,Tunisia,Turkey,Turkey-in-Europe,Ukraine,Utah,Vermont,Victoria,Vietnam,Virginia,Washington,West Siberia,West Virginia,Western Australia,Wisconsin,Wyoming,Yugoslavia;Chingma-lantern,Indian-mallow,Abutilon-hemp,Butterprint,Tientsin-jute,China-jute,American-jute,Swamp Chinese-lantern,Velvetleaf,Velvetweed,Indian mallow,Buttonweed,China jute,Velvetleaf Indian mallow,Pie-marker,Velvetleaf abutilon,Butter-print,Velvet Leaf,Velvet-leaf,Velvetleaf (or butterprint),Velvetleaf Indian-mallow;https://plants.usda.gov/core/profile?symbol=ABTH;;;http://powo.science.kew.org/taxon/urn:lsid:ipni.org:names:1044174-2;https://identify.plantnet.org/species/the-plant-list/Abutilon theophrasti Medik.;https://www.gbif.org/species/3152614;;;https://en.wikipedia.org/wiki/Abutilon theophrasti
101290;Abutilon wrightii;species;Abutilon;Malvaceae;1850;A.Gray;Boston J. Nat. Hist. 6: 162 (1850);Wright's indian mallow;Mallow family;http://d2seqvvyy3b8p2.cloudfront.net/8c2b5fb538e3a2e0f1c9dd8b0debaea9.jpg;;;;;;;;;;;Subshrub, Forb/herb;;;;false;false;;;;;;;;;;;;;;;;;Mexico Gulf,Mexico Northeast,Mexico Northwest,New Mexico,Texas;;https://plants.usda.gov/core/profile?symbol=ABWR;;;http://powo.science.kew.org/taxon/urn:lsid:ipni.org:names:323620-2;;https://www.gbif.org/species/3152617;;;https://en.wikipedia.org/wiki/Abutilon wrightii
101295;Acacia acinacea;species;Acacia;Fabaceae;1838;Lindl.;T.L.Mitchell, Three Exped. Australia 2: 267 (1838);Gold-dust acacia;Pea family;https://bs.floristic.org/image/o/26ae5ab115311994ed7b4be3e90f7e6bd183877c;;;;;;;;;;;;;;;false;false;;;;;;;;;;;;;;;;Acacia cyclophylla,Acacia rotundifolia,Acacia ovata,Acacia latrobei,Racosperma acinaceum,Acacia acinacea var. brevipedunculata;New South Wales,South Australia,Victoria,India;Gold-dust acacia,Gold-dust wattle,Round-leaved Wattle;https://plants.usda.gov/core/profile?symbol=ACAC7;;;http://powo.science.kew.org/taxon/urn:lsid:ipni.org:names:469635-1;https://identify.plantnet.org/species/the-plant-list/Acacia acinacea Lindl.;https://www.gbif.org/species/2979868;;;https://en.wikipedia.org/wiki/Acacia acinacea
101299;Acacia acuminata;species;Acacia;Fabaceae;1842;Benth.;London J. Bot. 1: 373 (1842);Spearwood;Pea family;http://d2seqvvyy3b8p2.cloudfront.net/0290997a425989fe9f1753f6b99658e3.jpg;;;;;;;;;;;;;;;false;false;;;;;;;;;;;;;;;;Racosperma acuminatum,Acacia acuminata var. glaucescens,Acacia acuminata var. ciliata,Racosperma doratoxylon,Acacia doratoxylon;Western Australia,Victoria,New South Wales;;https://plants.usda.gov/core/profile?symbol=ACAC10;;;http://powo.science.kew.org/taxon/urn:lsid:ipni.org:names:469642-1;;https://www.gbif.org/species/2979180;;;https://en.wikipedia.org/wiki/Acacia acuminata
101300;Acacia adunca;species;Acacia;Fabaceae;1832;A.Cunn. ex G.Don;Gen. Hist. 2: 406 (1832);Wallangarra wattle;Pea family;http://d2seqvvyy3b8p2.cloudfront.net/35b2aee278bb362e2c846404fc0b5f42.jpg;;;;;;;;;;;;;;;false;false;;;;;;;;;;;;;;;;Acacia accola,Acacia crassiuscula var. adunca,Racosperma aduncum;New South Wales,Queensland,India;;https://plants.usda.gov/core/profile?symbol=ACAD;;;http://powo.science.kew.org/taxon/urn:lsid:ipni.org:names:469663-1;;https://www.gbif.org/species/2980910;;;https://en.wikipedia.org/wiki/Acacia adunca
101302;Acacia alata;species;Acacia;Fabaceae;1813;R.Br.;W.T.Aiton, Hortus Kew. 5: 464 (1813);Winged wattle;Pea family;https://bs.floristic.org/image/o/adf12bb80cb81a7494eae55431dd78e04a99fe4e;;;;;;;;;;;;;;;false;false;;;;;;;;;;;;;;;;Racosperma alatum,Acacia ficoides,Acacia uniglandulosa,Acacia latifrons,Phyllodoce alata,Acacia alata var. glabrata;Western Australia;Winged wattle;https://plants.usda.gov/core/profile?symbol=ACAL16;;;http://powo.science.kew.org/taxon/urn:lsid:ipni.org:names:469667-1;https://identify.plantnet.org/species/the-plant-list/Acacia alata R.Br.;https://www.gbif.org/species/2980814;;;https://en.wikipedia.org/wiki/Acacia alata
101303;Acacia ampliceps;species;Acacia;Fabaceae;1974;Maslin;Nuytsia 1: 315 (1974);Acacia;Pea family;http://d2seqvvyy3b8p2.cloudfront.net/e7117c9b6f5908409c7519e5c8d754f3.jpg;;;;;;;;;;;;;;;false;false;;;;;;;;;;;;;;;;Racosperma ampliceps;Northern Territory,Western Australia;;https://plants.usda.gov/core/profile?symbol=ACAM9;;;http://powo.science.kew.org/taxon/urn:lsid:ipni.org:names:469702-1;;https://www.gbif.org/species/2978547;;;https://en.wikipedia.org/wiki/Acacia ampliceps
101318;Acacia boomanii;species;Acacia;Fabaceae;;;;Snowy river wattle;Pea family;;;;;;;;;;;;;;;;false;false;;;;;;;;;;;;;;;;;;;https://plants.usda.gov/core/profile?symbol=ACBO4;;;;;;;;https://en.wikipedia.org/wiki/Acacia boomanii
101320;Acacia buxifolia;species;Acacia;Fabaceae;1825;A.Cunn.;B.Field, Geogr. Mem. New South Wales: 344 (1825);;Pea family;http://d2seqvvyy3b8p2.cloudfront.net/a9cf6a3b551625c3ddfaca769bb98dc1.jpg;;;;;;;;;;;;;;;false;false;;;;;;;;;;;;;;;;Acacia neglecta,Racosperma buxifolium,Acacia papuliformis,Acacia buxifolia var. neglecta;New South Wales,Queensland,Victoria,India;;https://plants.usda.gov/core/profile?symbol=ACBU3;;;http://powo.science.kew.org/taxon/urn:lsid:ipni.org:names:469900-1;;https://www.gbif.org/species/2979355;;;https://en.wikipedia.org/wiki/Acacia buxifolia
101321;Acacia caesiella;species;Acacia;Fabaceae;1927;Maiden & Blakely;J. Proc. Roy. Soc. New S. Wales 60: 180 (1927);;Pea family;http://d2seqvvyy3b8p2.cloudfront.net/e7c3b7bc8cc94dc24330a7c08a9c0b9c.jpg;;;;;;;;;;;;;;;false;false;;;;;;;;;;;;;;;;Racosperma caesiellum;New South Wales;;https://plants.usda.gov/core/profile?symbol=ACCA23;;;http://powo.science.kew.org/taxon/urn:lsid:ipni.org:names:469906-1;;https://www.gbif.org/species/2978594;;;https://en.wikipedia.org/wiki/Acacia caesiella
101323;Acacia cambagei;species;Acacia;Fabaceae;1900;R.T.Baker;Proc. Linn. Soc. New South Wales 25: 661 (1900);Gidgee;Pea family;http://d2seqvvyy3b8p2.cloudfront.net/d160a65537033bcdec4cd89d735476ea.jpg;;;;;;;;;;;;;;;false;false;;;;;;;;;;;;;;;;Racosperma cambagei;New South Wales,Northern Territory,Queensland,South Australia;;https://plants.usda.gov/core/profile?symbol=ACCA25;;;http://powo.science.kew.org/taxon/urn:lsid:ipni.org:names:469924-1;;https://www.gbif.org/species/2980690;;;https://en.wikipedia.org/wiki/Acacia cambagei
101324;Acacia cardiophylla;species;Acacia;Fabaceae;1842;A.Cunn. ex Benth.;London J. Bot. 1: 385 (1842);Wyalong wattle;Pea family;https://bs.floristic.org/image/o/4bbae25a12d764700d70e2fc3653568a9af05fa7;;;;;;;;;;;;;;;false;false;;;;;;;;;;;;;;;;Racosperma cardiophyllum;New South Wales;Wyalong wattle,West Wyalong wattle;https://plants.usda.gov/core/profile?symbol=ACCA27;;;http://powo.science.kew.org/taxon/urn:lsid:ipni.org:names:469943-1;https://identify.plantnet.org/species/the-plant-list/Acacia cardiophylla Benth.;https://www.gbif.org/species/2978934;;;https://en.wikipedia.org/wiki/Acacia cardiophylla
101328;Acacia chinchellensis;species;Acacia;Fabaceae;;;;;Pea family;;;;;;;;;;;;;;;;false;false;;;;;;;;;;;;;;;;;;;https://plants.usda.gov/core/profile?symbol=ACCH8;;;;;;;;https://en.wikipedia.org/wiki/Acacia chinchellensis
101331;Acacia brachystachya;species;Acacia;Fabaceae;1864;Benth.;Fl. Austral. 2: 403 (1864);;Pea family;http://d2seqvvyy3b8p2.cloudfront.net/b8f2d1b129a15cafe1a9a1b296bc2e77.jpg;;;;;;;;;;;;;;;false;false;;;;;;;;;;;;;;;;Acacia cibaria,Acacia aneura var. stenocarpa,Acacia stenocarpa,Racosperma brachystachyum,Acacia aneura var. brachystachya;New South Wales,Northern Territory,Queensland,South Australia,Western Australia;;https://plants.usda.gov/core/profile?symbol=ACCI6;;;http://powo.science.kew.org/taxon/urn:lsid:ipni.org:names:469872-1;;https://www.gbif.org/species/2979485;;;https://en.wikipedia.org/wiki/Acacia brachystachya
101336;Acacia conspersa;species;Acacia;Fabaceae;1859;F.Muell.;J. Proc. Linn. Soc., Bot. 3: 140 (1859);;Pea family;http://d2seqvvyy3b8p2.cloudfront.net/c02ef5cdeafd0e9341e88aaf6dc7c15d.jpg;;;;;;;;;;;;;;;false;false;;;;;;;;;;;;;;;;Racosperma conspersum;Northern Territory;;https://plants.usda.gov/core/profile?symbol=ACCO17;;;http://powo.science.kew.org/taxon/urn:lsid:ipni.org:names:470042-1;;https://www.gbif.org/species/2980167;;;https://en.wikipedia.org/wiki/Acacia conspersa
101342;Acacia craspedocarpa;species;Acacia;Fabaceae;1887;F.Muell.;Chem. & Druggist Australas. 2: 73 (1887);;Pea family;http://d2seqvvyy3b8p2.cloudfront.net/352f2587883dc737663c96fa03c9184d.jpg;;;;;;;;;;;;;;;false;false;;;;;;;;;;;;;;;;Racosperma craspedocarpum,Acacia euphleba;Western Australia,India;;https://plants.usda.gov/core/profile?symbol=ACCR2;;;http://powo.science.kew.org/taxon/urn:lsid:ipni.org:names:470070-1;;https://www.gbif.org/species/2978348;;;https://en.wikipedia.org/wiki/Acacia craspedocarpa
101352;Acacia decora;species;Acacia;Fabaceae;1829;Rchb.;Iconogr. Bot. Exot. 2: t. 199 (1829);Graceful wattle;Pea family;http://d2seqvvyy3b8p2.cloudfront.net/752dc78e7b2fec09d7f92d31043f6da8.jpg;;;;;;;;;;;;;;;false;false;;;;;;;;;;;;;;;;Acacia decora var. biglandulosa,Acacia buxifolia var. decora,Racosperma decorum;New South Wales,Queensland,Victoria,India;;https://plants.usda.gov/core/profile?symbol=ACDE12;;;http://powo.science.kew.org/taxon/urn:lsid:ipni.org:names:470137-1;;https://www.gbif.org/species/2978514;;;https://en.wikipedia.org/wiki/Acacia decora
101355;Acacia dietrichiana;species;Acacia;Fabaceae;1882;F.Muell.;S. Sci. Rec. 2: 149 (1882);;Pea family;http://d2seqvvyy3b8p2.cloudfront.net/921d2e77ad5f50113a0d16236ca257b6.jpg;;;;;;;;;;;;;;;false;false;;;;;;;;;;;;;;;;Acacia juncifolia var. planifolia,Racosperma dietrichianum;Queensland;;https://plants.usda.gov/core/profile?symbol=ACDI7;;;http://powo.science.kew.org/taxon/urn:lsid:ipni.org:names:470173-1;;https://www.gbif.org/species/2980141;;;https://en.wikipedia.org/wiki/Acacia dietrichiana
101358;Acacia drummondii;species;Acacia;Fabaceae;1839;Lindl.;Sketch Veg. Swan R.: 15 (1839);Drummond's wattle;Pea family;http://d2seqvvyy3b8p2.cloudfront.net/d26a17bc6eab4d0858a8bef466cca476.jpg;;;;;;;;;;;;;;;false;false;;;;;;;;;;;;;;;;Racosperma drummondii;Western Australia;;https://plants.usda.gov/core/profile?symbol=ACDR2;;;http://powo.science.kew.org/taxon/urn:lsid:ipni.org:names:470215-1;;https://www.gbif.org/species/2979927;;;https://en.wikipedia.org/wiki/Acacia drummondii
101365;Acacia extensa;species;Acacia;Fabaceae;1839;Lindl.;Sketch Veg. Swan R.: 15 (1839);;Pea family;http://d2seqvvyy3b8p2.cloudfront.net/0e6787fb2a7a7f0b7882501307e83bc9.jpg;;;;;;;;;;;;;;;false;false;;;;;;;;;;;;;;;;Racosperma extensum,Acacia calamistrata,Acacia graminea,Acacia pentaedra;Western Australia;;https://plants.usda.gov/core/profile?symbol=ACEX3;;;http://powo.science.kew.org/taxon/urn:lsid:ipni.org:names:470293-1;;https://www.gbif.org/species/2980288;;;https://en.wikipedia.org/wiki/Acacia extensa
101373;Acacia gladiiformis;species;Acacia;Fabaceae;1842;A.Cunn. ex Benth.;London J. Bot. 1: 354 (1842);;Pea family;http://d2seqvvyy3b8p2.cloudfront.net/d4caa680e3356e8f7072ba1a741d10d8.jpg;;;;;;;;;;;;;;;false;false;;;;;;;;;;;;;;;;Racosperma gladiiforme;New South Wales;;https://plants.usda.gov/core/profile?symbol=ACGL5;;;http://powo.science.kew.org/taxon/urn:lsid:ipni.org:names:470409-1;;https://www.gbif.org/species/2980699;;;https://en.wikipedia.org/wiki/Acacia gladiiformis
101374;Acacia glandulicarpa;species;Acacia;Fabaceae;1896;Reader;Vict. Naturalist 13: 146 (1896);;Pea family;;;;;;;;;;;;;;;;false;false;;;;;;;;;;;;;;;;Racosperma glandulicarpum;South Australia,Victoria,India;;https://plants.usda.gov/core/profile?symbol=ACGL6;;;http://powo.science.kew.org/taxon/urn:lsid:ipni.org:names:470410-1;;https://www.gbif.org/species/2979468;;;https://en.wikipedia.org/wiki/Acacia glandulicarpa
101377;Acacia gracilifolia;species;Acacia;Fabaceae;1927;Maiden & Blakely;J. Proc. Roy. Soc. New S. Wales 60: 191 (1927);Graceful wattle;Pea family;https://bs.floristic.org/image/o/00ae73fcb948e07aff12ccdc2d40eb108de8696b;;;;;;;;;;;;;;;false;false;;;;;;;;;;;;;;;;Racosperma gracilifolium;South Australia;Graceful Wattle;https://plants.usda.gov/core/profile?symbol=ACGR9;;;http://powo.science.kew.org/taxon/urn:lsid:ipni.org:names:470441-1;https://identify.plantnet.org/species/the-plant-list/Acacia gracilifolia Maiden & Blakeley;https://www.gbif.org/species/2978284;;;https://en.wikipedia.org/wiki/Acacia gracilifolia
101383;Acacia hemiteles;species;Acacia;Fabaceae;1855;Benth.;Linnaea 26: 619 (1855);;Pea family;http://d2seqvvyy3b8p2.cloudfront.net/f8723a31a0c02fbc4d9ace27d0f50a84.jpg;;;;;;;;;;;;;;;false;false;;;;;;;;;;;;;;;;Acacia graffiana,Acacia dentifera var. intermedia,Acacia subcaerulea var. subsessilis,Racosperma hemiteles;South Australia,Western Australia;;https://plants.usda.gov/core/profile?symbol=ACHE12;;;http://powo.science.kew.org/taxon/urn:lsid:ipni.org:names:470509-1;;https://www.gbif.org/species/2978806;;;https://en.wikipedia.org/wiki/Acacia hemiteles
101385;Acacia holosericea;species;Acacia;Fabaceae;1832;A.Cunn. ex G.Don;Gen. Hist. 2: 407 (1832);Candelabra wattle;Pea family;https://bs.floristic.org/image/o/1ef45f55814c20b7bde08c8e1b996758006666ac;;;;;;;;;;;;;;;false;false;;;;;;;;;;;;;;;;Acacia holosericea var. multispirea,Acacia holosericea var. glabrata,Racosperma holosericeum,Acacia multispirea;Northern Territory,Queensland,Western Australia,Burkina,Guinea,New Guinea;Candelabra wattle,Silky wattle,Silverleaf wattle;https://plants.usda.gov/core/profile?symbol=ACHO2;;;http://powo.science.kew.org/taxon/urn:lsid:ipni.org:names:470538-1;https://identify.plantnet.org/species/the-plant-list/Acacia holosericea G.Don;https://www.gbif.org/species/2978751;;;https://en.wikipedia.org/wiki/Acacia holosericea
101390;Acacia irrorata;species;Acacia;Fabaceae;1826;Sieber ex Spreng.;Syst. Veg. 3: 141 (1826);Green wattle;Pea family;http://d2seqvvyy3b8p2.cloudfront.net/f352dd7065ea6faa949a63f7c9836533.jpg;;;;;;;;;;;;;;;false;false;;;;;;;;;;;;;;;;Acacia decurrens var. pauciglandulosa,Racosperma irroratum;Queensland,Tasmania,Victoria,New South Wales;;https://plants.usda.gov/core/profile?symbol=ACIR;;;http://powo.science.kew.org/taxon/urn:lsid:ipni.org:names:470611-1;;https://www.gbif.org/species/2978711;;;https://en.wikipedia.org/wiki/Acacia irrorata
101396;Acacia koa;species;Acacia;Fabaceae;1854;A.Gray;U.S. Expl. Exped., Phan. 1: 480 (1854);Koa;Pea family;https://bs.floristic.org/image/o/faad4528ce263983dc9dbb34250382179a84ba53;;false;;medium;;false;;;;Single Stem;Tree;;Moderate;;false;false;;;;None;;3352;3352;76;7.0;5.0;;;;;;Acacia heterophylla,Racosperma koa,Acacia koa var. waianaeensis,Acacia koa var. latifolia,Acacia coa,Acacia implexa var. brevipes,Acacia xiphoclada,Acacia koa var. hawaiiensis,Acacia koa var. lanaiensis,Acacia koa var. waimeae,Racosperma xiphocladum,Acacia brevipes,Racosperma heterophyllum;Madagascar,Réunion,Mauritius,Hawaii;Koaoha,Koai'e;https://plants.usda.gov/core/profile?symbol=ACKO;;;http://powo.science.kew.org/taxon/urn:lsid:ipni.org:names:470519-1;https://identify.plantnet.org/species/the-plant-list/Acacia heterophylla (Lam.) Willd.;https://www.gbif.org/species/2979641;;;https://en.wikipedia.org/wiki/Acacia heterophylla
101397;Acacia kauaiensis;species;Acacia;Fabaceae;1888;Hillebr.;Fl. Hawaiian Isl.: 113 (1888);;Pea family;;;;;;;;;;;;;;;;false;false;;;;;;;;;;;;;;;;Racosperma kauaiense;Hawaii;;https://plants.usda.gov/core/profile?symbol=ACKO;;;http://powo.science.kew.org/taxon/urn:lsid:ipni.org:names:470648-1;;https://www.gbif.org/species/2980516;;;https://en.wikipedia.org/wiki/Acacia kauaiensis
101401;Acacia koaia;species;Acacia;Fabaceae;1888;Hillebr.;Fl. Hawaiian Isl.: 113 (1888);Koaoha;Pea family;https://bs.floristic.org/image/o/db86fed04d00f860fb557e74af12b805c9ff4720;yellow;true;green;fine;yellow;true;;;;;Tree;;Rapid;;false;false;;;;None;;1219;1828;91;7.4;4.0;;;;;;;Hawaii;Koaoha,Koai'e;https://plants.usda.gov/core/profile?symbol=ACKO2;;;http://powo.science.kew.org/taxon/urn:lsid:ipni.org:names:470660-1;https://identify.plantnet.org/species/the-plant-list/Acacia koaia Hillebr.;https://www.gbif.org/species/2980853;;;https://en.wikipedia.org/wiki/Acacia koaia
101402;Acacia lanuginophylla;species;Acacia;Fabaceae;1990;R.S.Cowan & Maslin;Nuytsia 7: 194 (1990);;Pea family;http://d2seqvvyy3b8p2.cloudfront.net/0f0fe1ea1b313962da11f4dbe0ecd2fd.jpg;;;;;;;;;;;;;;;false;false;;;;;;;;;;;;;;;;Racosperma lanuginophyllum;Western Australia;;https://plants.usda.gov/core/profile?symbol=ACLA10;;;http://powo.science.kew.org/taxon/urn:lsid:ipni.org:names:941268-1;;https://www.gbif.org/species/2980152;;;https://en.wikipedia.org/wiki/Acacia lanuginophylla
101405;Acacia leiophylla;species;Acacia;Fabaceae;1842;Benth.;London J. Bot. 1: 351 (1842);;Pea family;;;;;;;;;;;;;;;;false;false;;;;;;;;;;;;;;;;Acacia retinodes var. oracia,Racosperma leiophyllum,Acacia blomei;South Australia;;https://plants.usda.gov/core/profile?symbol=ACLE7;;;http://powo.science.kew.org/taxon/urn:lsid:ipni.org:names:470724-1;;https://www.gbif.org/species/2978605;;;https://en.wikipedia.org/wiki/Acacia blomei
101406;Acacia ligulata;species;Acacia;Fabaceae;1842;A.Cunn. ex Benth.;London J. Bot. 1: 362 (1842);Acacia;Pea family;https://bs.floristic.org/image/o/d3a4df9074b5606f4d18266a0694bdc19165cffb;;;;;;;;;;;;;;;false;false;;;;;;;;;;;;;;;;Racosperma ligulatum,Acacia pallidiramosa;Northern Territory,Queensland,South Australia,Victoria,Western Australia,Cyprus;Acacia,Dune wattle,Little cooba,Sandhill acacia,Sandhill wattle,Small cooba,Umbrella wattle,Umbrella-bush;https://plants.usda.gov/core/profile?symbol=ACLI8;;;http://powo.science.kew.org/taxon/urn:lsid:ipni.org:names:470760-1;https://identify.plantnet.org/species/the-plant-list/Acacia ligulata Benth.;https://www.gbif.org/species/2981177;;;https://en.wikipedia.org/wiki/Acacia ligulata
101407;Acacia lineata;species;Acacia;Fabaceae;1832;A.Cunn. ex G.Don;Gen. Hist. 2: 403 (1832);;Pea family;https://bs.floristic.org/image/o/27f4bf22c77b34566dd104e431ce6cbdea9c0558;;;;;;;;;;;;;;;false;false;;;;;;;;;;;;;;;;Acacia runciformis,Acacia centrinervia,Acacia dasyphylla,Racosperma centrinervium,Racosperma lineatum;New South Wales,Queensland,South Australia,Victoria;;https://plants.usda.gov/core/profile?symbol=ACLI5;;;http://powo.science.kew.org/taxon/urn:lsid:ipni.org:names:470770-1;https://identify.plantnet.org/species/the-plant-list/Acacia lineata G.Don;https://www.gbif.org/species/2980706;;;https://en.wikipedia.org/wiki/Acacia centrinervia
101416;Acacia mangium;species;Acacia;Fabaceae;1806;Willd.;Sp. Pl., ed. 4, 4: 1053 (1806);Black wattle;Pea family;https://bs.floristic.org/image/o/3c5b4d63ef7b223a777b3b34b1040d50a9473de3;;;;;;;;;;;;;;;false;false;;;;;;;;;;;;;;;;Racosperma mangium;Maluku,New Guinea,Queensland,Bangladesh,Borneo,Cameroon,Cook Is.,Costa Rica,Cuba,Dominican Republic,El Salvador,Hawaii,India,Lesser Sunda Is.,Malaya,Nicaragua,Northern Territory,Philippines,Tokelau-Manihiki,Trinidad-Tobago,Vietnam;Black wattle,Hickory wattle,Northern wattle,Sally wattle,Sabah salwood,Broadleaf salwood,Brown salwood,Brown sandlewood,Zamorano;https://plants.usda.gov/core/profile?symbol=ACMA12;;;http://powo.science.kew.org/taxon/urn:lsid:ipni.org:names:470839-1;https://identify.plantnet.org/species/the-plant-list/Acacia mangium Willd.;https://www.gbif.org/species/2979091;;;https://en.wikipedia.org/wiki/Acacia mangium
101419;Acacia melanoxylon;species;Acacia;Fabaceae;1813;R.Br.;W.T.Aiton, Hortus Kew. 5: 462 (1813);Blackwood;Pea family;https://bs.floristic.org/image/o/ec66a40f6a74b18378f610c7a87e06e68218139e;;true;;fine;;true;;;;Multiple Stem;Tree;;Rapid;;false;false;8;5;0;None;3;1219;1219;71;8.3;6.0;;;;;;Racosperma melanoxylon,Acacia melanoxylon var. obtusifolia,Acacia melanoxylon var. arcuata,Racosperma latifolium,Acacia latifolia;New South Wales,Queensland,South Australia,Tasmania,Victoria,Algeria,Amsterdam-St.Paul Is,Angola,Argentina Northeast,Assam,Azores,Brazil South,California,Canary Is.,Cape Provinces,Chile North,Chile South,Colombia,East Himalaya,Easter Is.,Ecuador,Eritrea,Ethiopia,Florida,France,Great Britain,Greece,India,Italy,Juan Fernández Is.,Kenya,KwaZulu-Natal,Lesotho,Madeira,Mauritius,Morocco,Nepal,New Zealand North,New Zealand South,Pakistan,Palestine,Peru,Portugal,Puerto Rico,Réunion,Spain,Sri Lanka,St.Helena,Swaziland,Tanzania,Transcaucasus,Ukraine,Uruguay,Venezuela,Western Australia,Northern Territory;Australian Blackwood,Paluma blackwood,Tasmanian blackwood,Black sally,Black wattle,Blackwood,Blackwood acacia,Sally wattle,Silver wattle;https://plants.usda.gov/core/profile?symbol=ACLO;;;http://powo.science.kew.org/taxon/urn:lsid:ipni.org:names:470873-1;https://identify.plantnet.org/species/the-plant-list/Acacia melanoxylon R.Br.;https://www.gbif.org/species/2979000;;;https://en.wikipedia.org/wiki/Acacia latifolia
101422;Acacia merrallii;species;Acacia;Fabaceae;;F.Muell.;Proc. Linn. Soc. New South Wales, ser. 2, 5: 18 (June 1890);;Pea family;http://d2seqvvyy3b8p2.cloudfront.net/dd0f9a0aefd636021abe7ffd978cc28b.jpg;;;;;;;;;;;;;;;false;false;;;;;;;;;;;;;;;;Racosperma merrallii,Acacia dubia;South Australia,Western Australia;;https://plants.usda.gov/core/profile?symbol=ACME6;;;http://powo.science.kew.org/taxon/urn:lsid:ipni.org:names:470881-1;;https://www.gbif.org/species/2978864;;;https://en.wikipedia.org/wiki/Acacia merrallii
101424;Acacia microcarpa;species;Acacia;Fabaceae;1858;F.Muell.;Fragm. 1: 6 (1858);Manna wattle;Pea family;;;;;;;;;;;;;;;;false;false;;;;;;;;;;;;;;;;Acacia subretusa,Racosperma microcarpum;New South Wales,South Australia,Victoria;;https://plants.usda.gov/core/profile?symbol=ACMI6;;;http://powo.science.kew.org/taxon/urn:lsid:ipni.org:names:470894-1;;https://www.gbif.org/species/2981194;;;https://en.wikipedia.org/wiki/Acacia microcarpa
101427;Acacia mucronata;species;Acacia;Fabaceae;1820;Willd. ex H.L.Wendl.;Comm. Acac. Aphyll.: 46 (1820);Narrow-leaf wattle;Pea family;http://d2seqvvyy3b8p2.cloudfront.net/8a8857e1174e39c060188dce457c18f8.jpg;;;;;;;;;;;;;;;false;false;;;;;;;;;;;;;;;;Racosperma mucronatum,Acacia longifolia var. mucronata,Acacia mucronata var. acuta;Tasmania;;https://plants.usda.gov/core/profile?symbol=ACMU6;;;http://powo.science.kew.org/taxon/urn:lsid:ipni.org:names:20001406-1;;https://www.gbif.org/species/2979042;;;https://en.wikipedia.org/wiki/Acacia mucronata
101428;Acacia multispicata;species;Acacia;Fabaceae;1864;Benth.;Fl. Austral. 2: 400 (1864);;Pea family;http://d2seqvvyy3b8p2.cloudfront.net/7fccb21bd266a40968455ad14d1e79cb.jpg;;;;;;;;;;;;;;;false;false;;;;;;;;;;;;;;;;Racosperma multispicatum;Western Australia;;https://plants.usda.gov/core/profile?symbol=ACMU7;;;http://powo.science.kew.org/taxon/urn:lsid:ipni.org:names:470950-1;;https://www.gbif.org/species/2978689;;;https://en.wikipedia.org/wiki/Acacia multispicata
101432;Acacia neriifolia;species;Acacia;Fabaceae;1842;A.Cunn. ex Benth.;London J. Bot. 1: 357 (1842);;Pea family;http://d2seqvvyy3b8p2.cloudfront.net/e8d73f5518f0a4f281b41d70dc9b56be.jpg;;;;;;;;;;;;;;;false;false;;;;;;;;;;;;;;;;Racosperma neriifolium,Acacia penninervis var. angustata;New South Wales,Queensland,Dominican Republic,Guatemala,Haiti,India;;https://plants.usda.gov/core/profile?symbol=ACNE8;;;http://powo.science.kew.org/taxon/urn:lsid:ipni.org:names:470978-1;;https://www.gbif.org/species/2980432;;;https://en.wikipedia.org/wiki/Acacia neriifolia
101437;Acacia notabilis;species;Acacia;Fabaceae;1858;F.Muell.;Fragm. 1: 6 (1858);Notable wattle;Pea family;https://bs.floristic.org/image/o/56edf2f1ab4baaca195d2239d295b8a658eed840;;;;;;;;;;;;;;;false;false;;;;;;;;;;;;;;;;Racosperma notabile;New South Wales,South Australia,Victoria,India;Flinders wattle,Notable wattle,Stiff golden wattle;https://plants.usda.gov/core/profile?symbol=ACNO5;;;http://powo.science.kew.org/taxon/urn:lsid:ipni.org:names:471001-1;https://identify.plantnet.org/species/the-plant-list/Acacia notabilis F.Muell.;https://www.gbif.org/species/2980287;;;https://en.wikipedia.org/wiki/Acacia notabilis
101438;Acacia omalophylla;species;Acacia;Fabaceae;1842;A.Cunn. ex Benth.;London J. Bot. 1: 365 (1842);Yarran;Pea family;http://d2seqvvyy3b8p2.cloudfront.net/fb0fe5e6cd117b1d3af0c8a41a98396f.jpg;;;;;;;;;;;;;;;false;false;;;;;;;;;;;;;;;;Acacia homalophylla,Racosperma omalophyllum;New South Wales,Queensland,Victoria,India,Kenya,Pakistan;;https://plants.usda.gov/core/profile?symbol=ACOM;;;http://powo.science.kew.org/taxon/urn:lsid:ipni.org:names:471036-1;;https://www.gbif.org/species/2981255;;;https://en.wikipedia.org/wiki/Acacia omalophylla
101440;Acacia oswaldii;species;Acacia;Fabaceae;1865;F.Muell.;Pl. Victoria 2: 27 (1865);Umbrella acacia;Pea family;https://bs.floristic.org/image/o/6d430651aef6ee03ea01b5dce2928793e200a1a2;;;;;;;;;;;;;;;false;false;;;;;;;;;;;;;;;;Acacia sessiliceps,Acacia amaliae var. orthophylla,Acacia oswaldii var. abbreviata,Acacia amaliae,Racosperma oswaldii;New South Wales,Northern Territory,Queensland,South Australia,Victoria,Western Australia;Umbrella acacia,Umbrella wattle,Umbrella-bush;https://plants.usda.gov/core/profile?symbol=ACOS2;;;http://powo.science.kew.org/taxon/urn:lsid:ipni.org:names:471050-1;https://identify.plantnet.org/species/the-plant-list/Acacia oswaldii F.Muell.;https://www.gbif.org/species/2980319;;;https://en.wikipedia.org/wiki/Acacia oswaldii
101441;Acacia oxycedrus;species;Acacia;Fabaceae;1825;Sieber ex DC.;Prodr. 2: 453 (1825);;Pea family;http://d2seqvvyy3b8p2.cloudfront.net/fcf2228c29aba10d88d5e994dd0fc56a.jpg;;;;;;;;;;;;;;;false;false;;;;;;;;;;;;;;;;Acacia taxifolia,Racosperma oxycedrus,Acacia oxycedrus var. microstachys,Hecatandra oxycedrus,Acacia oxycedrus var. densiflora,Mimosa stellata,Mimosa ternata;New South Wales,South Australia,Victoria,Vietnam;;https://plants.usda.gov/core/profile?symbol=ACOX3;;;http://powo.science.kew.org/taxon/urn:lsid:ipni.org:names:471053-1;;https://www.gbif.org/species/2981203;;;https://en.wikipedia.org/wiki/Acacia taxifolia
101442;Acacia pachyceras;species;Acacia;Fabaceae;;Sw.;;;Pea family;;;;;;;;;;;;;;;;false;false;;;;;;;;;;;;;;;;;;;https://plants.usda.gov/core/profile?symbol=ACPA15;;;;;https://www.gbif.org/species/6405038;;;https://en.wikipedia.org/wiki/Acacia pachyceras
101448;Acacia parramattensis;species;Acacia;Fabaceae;1962;Tindale;Contr. New South Wales Natl. Herb. 3: 127 (1962);South wales wattle;Pea family;http://d2seqvvyy3b8p2.cloudfront.net/642022ffeda27ef9e11ca64eef1bc120.jpg;;;;;;;;;;;Tree;;;;false;false;;;;;;;;;;;;;;;;Racosperma parramattense,Acacia sulcipes;New South Wales,New Zealand North,New Zealand South,Norfolk Is.;;https://plants.usda.gov/core/profile?symbol=ACPA81;;;http://powo.science.kew.org/taxon/urn:lsid:ipni.org:names:471083-1;;https://www.gbif.org/species/2980933;;;https://en.wikipedia.org/wiki/Acacia parramattensis
101459;Acacia prominens;species;Acacia;Fabaceae;1832;A.Cunn. ex G.Don;Gen. Hist. 2: 406 (1832);Goldenrain wattle;Pea family;http://d2seqvvyy3b8p2.cloudfront.net/3d2d1554512f0d8efd1f0db9ccd8e9a0.jpg;;;;;;;;;;;;;;;false;false;;;;;;;;;;;;;;;;Acacia linifolia var. prominens,Racosperma prominens,Acacia prominens var. latifolia,Acacia praetervisa;New South Wales,India;;https://plants.usda.gov/core/profile?symbol=ACPR3;;;http://powo.science.kew.org/taxon/urn:lsid:ipni.org:names:471213-1;;https://www.gbif.org/species/2978612;;;https://en.wikipedia.org/wiki/Acacia prominens
101463;Acacia pyrifolia;species;Acacia;Fabaceae;1827;DC.;Mém. Légum.: 447 (1827);;Pea family;http://d2seqvvyy3b8p2.cloudfront.net/abf6d63008f5cf7e2b9cadc2035b8cd2.jpg;;;;;;;;;;;;;;;false;false;;;;;;;;;;;;;;;;Acacia pyrifolia var. morrisonii,Racosperma pyrifolium,Acacia clementii,Acacia morrisonii;Western Australia;;https://plants.usda.gov/core/profile?symbol=ACPY4;;;http://powo.science.kew.org/taxon/urn:lsid:ipni.org:names:471279-1;;https://www.gbif.org/species/2981150;;;https://en.wikipedia.org/wiki/Acacia pyrifolia
101464;Acacia quornensis;species;Acacia;Fabaceae;1949;J.M.Black;Trans. Roy. Soc. South Australia 73: 6 (1949);Quorn wattle;Pea family;;;;;;;;;;;;;;;;false;false;;;;;;;;;;;;;;;;Racosperma quornense;South Australia,India;;https://plants.usda.gov/core/profile?symbol=ACQU2;;;http://powo.science.kew.org/taxon/urn:lsid:ipni.org:names:471289-1;;https://www.gbif.org/species/2980748;;;https://en.wikipedia.org/wiki/Acacia quornensis
101465;Acacia ramulosa;species;Acacia;Fabaceae;1904;W.Fitzg.;J. Western Australia Nat. Hist. Soc. 1: 15 (1904);;Pea family;;;;;;;;;;;;;;;;false;false;;;;;;;;;;;;;;;;Racosperma ramulosum;New South Wales,Northern Territory,Queensland,South Australia,Western Australia;;https://plants.usda.gov/core/profile?symbol=ACRA5;;;http://powo.science.kew.org/taxon/urn:lsid:ipni.org:names:471295-1;;https://www.gbif.org/species/2979737;;;https://en.wikipedia.org/wiki/Acacia ramulosa
101469;Acacia retusa;species;Acacia;Fabaceae;;R.A.Howard (Jacq.);;Catch and keep;Pea family;;;;;;;;;;;;Tree, Shrub, Vine;;;;false;false;;;;;;;;;;;;;;;;;;;https://plants.usda.gov/core/profile?symbol=ACRE4;;;;;https://www.gbif.org/species/2980398;;;https://en.wikipedia.org/wiki/Acacia retusa
101470;Acacia richii;species;Acacia;Fabaceae;1854;A.Gray;U.S. Expl. Exped., Phan. 1: 482 (1854);;Pea family;http://d2seqvvyy3b8p2.cloudfront.net/8494402958893e6fb6661db8f6edda8d.jpg;;;;;;;;;;;;;;;false;false;;;;;;;;;;;;;;;;Racosperma richii;Fiji;;https://plants.usda.gov/core/profile?symbol=ACRI10;;;http://powo.science.kew.org/taxon/urn:lsid:ipni.org:names:471325-1;;https://www.gbif.org/species/2978467;;;https://en.wikipedia.org/wiki/Acacia confusa
101471;Acacia rigens;species;Acacia;Fabaceae;1832;A.Cunn. ex G.Don;Gen. Hist. 2: 403 (1832);Nealie;Pea family;https://bs.floristic.org/image/o/947c84abcb2baf771deea0057bda5bbe98d31ce1;;;;;;;;;;;;;;;false;false;;;;;;;;;;;;;;;;Acacia rigens var. longifolia,Racosperma rigens;New South Wales,Queensland,South Australia,Victoria,Western Australia;Nealie,Needle wattle,Needle-bush wattle,Needlebush,Wallaby acacia;https://plants.usda.gov/core/profile?symbol=ACRI6;;;http://powo.science.kew.org/taxon/urn:lsid:ipni.org:names:471327-1;https://identify.plantnet.org/species/the-plant-list/Acacia rigens G.Don;https://www.gbif.org/species/2978525;;;https://en.wikipedia.org/wiki/Acacia rigens
101473;Acacia rivalis;species;Acacia;Fabaceae;1918;J.M.Black;Trans. & Proc. Roy. Soc. South Australia 42: 173 (1918);Creek wattle;Pea family;https://bs.floristic.org/image/o/28a845acb699fc4102f5081527ce6e275380e9d6;;;;;;;;;;;;;;;false;false;;;;;;;;;;;;;;;;Racosperma rivale;South Australia,New South Wales;Creek wattle,Silver wattle;https://plants.usda.gov/core/profile?symbol=ACRI7;;;http://powo.science.kew.org/taxon/urn:lsid:ipni.org:names:471332-1;https://identify.plantnet.org/species/the-plant-list/Acacia rivalis J.M.Black;https://www.gbif.org/species/2980241;;;https://en.wikipedia.org/wiki/Acacia rivalis
101477;Acacia rubida;species;Acacia;Fabaceae;1825;A.Cunn.;B.Field, Geogr. Mem. New South Wales: 344 (1825);Red-leaf wattle;Pea family;http://d2seqvvyy3b8p2.cloudfront.net/eb484386b175295dfe61f01f6b098e91.jpg;;;;;;;;;;;;;;;false;false;;;;;;;;;;;;;;;;Acacia visneoides,Acacia amoena,Racosperma rubidum,Acacia compressa,Racosperma amoenum;New South Wales,Queensland,Victoria;;https://plants.usda.gov/core/profile?symbol=ACRU11;;;http://powo.science.kew.org/taxon/urn:lsid:ipni.org:names:469699-1;;https://www.gbif.org/species/2979923;;;https://en.wikipedia.org/wiki/Acacia amoena
101478;Acacia rupicola;species;Acacia;Fabaceae;1855;F.Muell. ex Benth.;Linnaea 26: 610 (1855);;Pea family;https://bs.floristic.org/image/o/161ad4d6fb47a35629cb0540bba2628c72298d65;;;;;;;;;;;;;;;false;false;;;;;;;;;;;;;;;;Racosperma rupicola;South Australia,Victoria;;https://plants.usda.gov/core/profile?symbol=ACRU12;;;http://powo.science.kew.org/taxon/urn:lsid:ipni.org:names:471367-1;https://identify.plantnet.org/species/the-plant-list/Acacia rupicola Benth.;https://www.gbif.org/species/2981016;;;https://en.wikipedia.org/wiki/Acacia rupicola
101480;Acacia salicina;species;Acacia;Fabaceae;1838;Lindl.;T.L.Mitchell, Three Exped. Australia 2: 20 (1838);Cooba;Pea family;https://bs.floristic.org/image/o/918e6f5ce4757d17934f173d316fcc6020120fba;;;;;;;;;;;;;;;false;false;;;;;;;;;;;;;;;;Acacia varians,Racosperma salicinum,Acacia salicina var. varians;New South Wales,Northern Territory,Queensland,South Australia,Victoria,India,Mexico Southwest,Palestine;Broughton willow wattle,Broughton-willow,Murray-willow,Willow acacia,Willow wattle,Sally wattle,Cooba;https://plants.usda.gov/core/profile?symbol=ACSA10;;;http://powo.science.kew.org/taxon/urn:lsid:ipni.org:names:471382-1;https://identify.plantnet.org/species/the-plant-list/Acacia salicina Lindl.;https://www.gbif.org/species/2978548;;;https://en.wikipedia.org/wiki/Acacia salicina
101488;Acacia sclerosperma;species;Acacia;Fabaceae;1992;F.Muell.;S. Sci. Rec. (July 1882);Acacia;Pea family;;;;;;;;;;;;;;;;false;false;;;;;;;;;;;;;;;;Acacia spodiosperma,Acacia leucosperma,Racosperma sclerospermum;Western Australia,Palestine;;https://plants.usda.gov/core/profile?symbol=ACSC10;;;http://powo.science.kew.org/taxon/urn:lsid:ipni.org:names:471418-1;;https://www.gbif.org/species/2978492;;;https://en.wikipedia.org/wiki/Acacia sclerosperma
101489;Acacia scleroxyla;species;Acacia;Fabaceae;;Tuss.;;;Pea family;;;;;;;;;;;;;;;;false;false;;;;;;;;;;;;;;;;;;;https://plants.usda.gov/core/profile?symbol=ACSC12;;;;;https://www.gbif.org/species/2979497;;;https://en.wikipedia.org/wiki/Acacia scleroxyla
101495;Acacia silvestris;species;Acacia;Fabaceae;1957;Tindale;Vict. Naturalist 73: 162 (1957);Red wattle;Pea family;;;;;;;;;;;;;;;;false;false;;;;;;;;;;;;;;;;Racosperma silvestre;Victoria,New South Wales;;https://plants.usda.gov/core/profile?symbol=ACSI5;;;http://powo.science.kew.org/taxon/urn:lsid:ipni.org:names:471478-1;;https://www.gbif.org/species/2978832;;;https://en.wikipedia.org/wiki/Acacia silvestris
101497;Acacia spectabilis;species;Acacia;Fabaceae;1842;A.Cunn. ex Benth.;London J. Bot. 1: 383 (1842);Glory wattle;Pea family;http://d2seqvvyy3b8p2.cloudfront.net/1b87a21a37d8fb27432a0469ee64d5f5.jpg;;;;;;;;;;;;;;;false;false;;;;;;;;;;;;;;;;Acacia chrysobotrya,Racosperma spectabile;New South Wales,Queensland,Jawa,Philippines,St.Helena;;https://plants.usda.gov/core/profile?symbol=ACSP9;;;http://powo.science.kew.org/taxon/urn:lsid:ipni.org:names:471513-1;;https://www.gbif.org/species/2980262;;;https://en.wikipedia.org/wiki/Acacia spectabilis
101499;Acacia stenophylla;species;Acacia;Fabaceae;1842;A.Cunn. ex Benth.;London J. Bot. 1: 386 (1842);Dalby myall;Pea family;https://bs.floristic.org/image/o/08259d80a3678cb7f73f2f7959f742e62b2cd2e6;;;;;;;;;;;;;;;false;false;;;;;;;;;;;;;;;;Racosperma stenophyllum,Acacia stenophylla var. linearis;New South Wales,Northern Territory,Queensland,South Australia,Victoria,Western Australia,India;River Cooba,Shoe-string acacia,Dalby myall,River myall,Black wattle,Dalby wattle;https://plants.usda.gov/core/profile?symbol=ACST5;;;http://powo.science.kew.org/taxon/urn:lsid:ipni.org:names:471543-1;https://identify.plantnet.org/species/the-plant-list/Acacia stenophylla Benth.;https://www.gbif.org/species/2979591;;;https://en.wikipedia.org/wiki/Acacia stenophylla
101502;Acacia stricta;species;Acacia;Fabaceae;1806;(Andrews) Willd.;Sp. Pl., ed. 4, 4: 1058 (1806);;Pea family;;;;;;;;;;;;;;;;false;false;;;;;;;;;;;;;;;;Acacia stricta var. binervis,Acacia stricta var. pleiocephala,Mimosa stricta,Acacia emarginata,Phyllodoce stricta,Racosperma strictum;New South Wales,Queensland,South Australia,Tasmania,Victoria,India,Jawa;;https://plants.usda.gov/core/profile?symbol=ACST6;;;http://powo.science.kew.org/taxon/urn:lsid:ipni.org:names:471561-1;;https://www.gbif.org/species/2979835;;;https://en.wikipedia.org/wiki/Acacia stricta
101503;Acacia suaveolens;species;Acacia;Fabaceae;1806;(Sm.) Willd.;Sp. Pl., ed. 4, 4: 1050 (1806);Sweet acacia;Pea family;https://bs.floristic.org/image/o/2cc4b7de4df6fe74c2ae688a9b41bad0f0c54904;;;;;;;;;;;;;;;false;false;;;;;;;;;;;;;;;;Acacia suaveolens subsp. montana,Acacia suaveolens subsp. grampianensis,Acacia suaveolens subsp. myallensis,Acacia suaveolens subsp. prostrata,Racosperma suaveolens,Phyllodoce angustifolia,Acacia odorata var. angustifolia,Mimosa ambigua,Acacia odorata,Hecatandra suaveolens,Acacia suaveolens var. platycarpa,Phyllodoce suaveolens;New South Wales,Queensland,South Australia,Tasmania,Victoria,Jawa;Sweet acacia,Sweet wattle,Sweet-scent wattle;https://plants.usda.gov/core/profile?symbol=ACSU9;;;http://powo.science.kew.org/taxon/urn:lsid:ipni.org:names:471572-1;https://identify.plantnet.org/species/the-plant-list/Acacia suaveolens (Sm.) Willd.;https://www.gbif.org/species/2979671;;;https://en.wikipedia.org/wiki/Acacia suaveolens
101506;Acacia subulata;species;Acacia;Fabaceae;1813;Bonpl.;Descr. Pl. Malmaison: 110 (1813);Awl-leaf wattle;Pea family;;;;;;;;;;;;;;;;false;false;;;;;;;;;;;;;;;;Racosperma subulatum;New South Wales;;https://plants.usda.gov/core/profile?symbol=ACSU10;;;http://powo.science.kew.org/taxon/urn:lsid:ipni.org:names:471598-1;;https://www.gbif.org/species/2980639;;;https://en.wikipedia.org/wiki/Acacia subulata
101509;Acacia tetragonophylla;species;Acacia;Fabaceae;1859;F.Muell.;J. Proc. Linn. Soc., Bot. 3: 121 (1859);Dead finish;Pea family;https://bs.floristic.org/image/o/8e0c7fc35c6265f4369b9eb401abbda253740231;;;;;;;;;;;;;;;false;false;;;;;;;;;;;;;;;;Acacia genistoides,Racosperma tetragonophyllum;New South Wales,Northern Territory,Queensland,South Australia,Western Australia;Dead finish;https://plants.usda.gov/core/profile?symbol=ACTE8;;;http://powo.science.kew.org/taxon/urn:lsid:ipni.org:names:471647-1;https://identify.plantnet.org/species/the-plant-list/Acacia tetragonophylla F.Muell.;https://www.gbif.org/species/2978633;;;https://en.wikipedia.org/wiki/Acacia tetragonophylla
101519;Acacia urophylla;species;Acacia;Fabaceae;1841;Benth.;Edwards's Bot. Reg. 27(Misc.): 24 (1841);;Pea family;http://d2seqvvyy3b8p2.cloudfront.net/0320da7526b6876dbe2f95ac3dfdb04c.jpg;;;;;;;;;;;;;;;false;false;;;;;;;;;;;;;;;;Racosperma urophyllum,Acacia smilacifolia,Acacia urophylla var. glaberrima;Western Australia;;https://plants.usda.gov/core/profile?symbol=ACUR2;;;http://powo.science.kew.org/taxon/urn:lsid:ipni.org:names:471724-1;;https://www.gbif.org/species/2979508;;;https://en.wikipedia.org/wiki/Acacia urophylla
101522;Acacia victoriae;species;Acacia;Fabaceae;1848;Benth.;T.L.Mitchell, J. Exped. Trop. Australia: 333 (1848);Bramble acacia;Pea family;https://bs.floristic.org/image/o/bb14c7858df6a0362ccc4c20ab5c27f323d547c2;;;;;;;;;;;;;;;false;false;;;;;;;;;;;;;;;;Acacia sentis,Acacia decora var. spinescens,Acacia coronalis,Racosperma victoriae,Acacia sentis var. victoriae,Acacia hanniana;New South Wales,Northern Territory,Queensland,South Australia,Victoria,Western Australia,Palestine;Acacia-bush,Bramble acacia,Bramble wattle,Royal acacia,Pinbush,Prickly wattle,Elegant wattle;https://plants.usda.gov/core/profile?symbol=ACVI7;;;http://powo.science.kew.org/taxon/urn:lsid:ipni.org:names:471757-1;https://identify.plantnet.org/species/the-plant-list/Acacia victoriae Benth.;https://www.gbif.org/species/2979105;;;https://en.wikipedia.org/wiki/Acacia victoriae
101527;Acacia wattsiana;species;Acacia;Fabaceae;1864;F.Muell. ex Benth.;Fl. Austral. 2: 374 (1864);;Pea family;http://d2seqvvyy3b8p2.cloudfront.net/23d583f4faac7363665ba63dc3780a5f.jpg;;;;;;;;;;;;;;;false;false;;;;;;;;;;;;;;;;Racosperma wattsianum;South Australia;;https://plants.usda.gov/core/profile?symbol=ACWA3;;;http://powo.science.kew.org/taxon/urn:lsid:ipni.org:names:471793-1;;https://www.gbif.org/species/2979041;;;https://en.wikipedia.org/wiki/Acacia wattsiana
101541;Acaciella glauca;species;Acaciella;Fabaceae;2006;(L.) L.Rico;Anales Jard. Bot. Madrid 63: 210 (2006);Acacia;Pea family;;;;;;;;;;;;;;;;false;false;;;;;;;;;;;;;;;;Acacia glauca,Mimosa glauca,Acacia curassavica,Acaciella curassavica;Belize,Colombia,Costa Rica,El Salvador,Guatemala,Leeward Is.,Mexico Gulf,Mexico Northeast,Mexico Southeast,Mexico Southwest,Netherlands Antilles,Nicaragua,Panamá,Venezuela,Windward Is.,China Southeast,Jawa,New Caledonia,Philippines,Queensland,Thailand;;https://plants.usda.gov/core/profile?symbol=ACGL7;;;http://powo.science.kew.org/taxon/urn:lsid:ipni.org:names:77077786-1;;https://www.gbif.org/species/3794870;;;https://en.wikipedia.org/wiki/Acaciella glauca